episode,return,success,steps
1,-2313.664125000003,0,1000
2,-2173.5876250000006,0,1000
3,-2544.1150000000043,0,1000
4,-3075.954624999993,0,1000
5,-2062.7065000000025,0,1000
6,-2589.149125,0,1000
7,-2524.8108749999974,0,1000
8,-1244.805250000003,1,687
9,-2830.5496250000033,0,1000
10,-2545.129625000003,0,1000
11,-2398.6384999999964,0,1000
12,-2218.045374999997,0,1000
13,-876.7181250000001,1,417
14,-2032.8325000000057,0,1000
15,-2173.7153750000075,0,1000
16,-2329.1951250000097,0,1000
17,-2529.371250000008,0,1000
18,-2414.0940000000046,0,1000
19,-2238.9166250000026,0,1000
20,-2303.645750000011,0,1000
21,-2238.828624999996,0,1000
22,-2008.1181250000143,0,1000
23,-2047.5176250000095,0,1000
24,-1251.4855000000027,1,563
25,-334.0099999999996,1,177
26,-1823.0035000000107,1,936
27,-2770.3487499999965,0,1000
28,-2258.5396250000085,0,1000
29,-1571.2640000000058,0,1000
30,-3015.596500000013,0,1000
31,-367.9701249999994,1,245
32,-1917.044625000008,0,1000
33,-1877.6698749999935,0,1000
34,-2534.3375000000065,0,1000
35,-1802.356374999999,0,1000
36,-1927.4413749999965,0,1000
37,-2006.7803749999994,0,1000
38,-2384.252875000007,0,1000
39,-2383.2682500000005,0,1000
40,-2143.3126250000078,0,1000
41,-1691.3591250000006,0,1000
42,-2439.337750000003,0,1000
43,-1382.7667500000016,1,822
44,-2157.9506250000013,0,1000
45,-2298.314624999995,0,1000
46,-1787.036375,0,1000
47,-1672.4256250000005,1,996
48,-2048.3648749999993,0,1000
49,-1967.6016250000027,0,1000
50,-1635.716625000001,0,1000
51,-889.8416249999964,1,602
52,-2319.107500000009,0,1000
53,-1992.2811250000022,0,1000
54,-1529.355125000001,1,790
55,-1913.0647500000034,0,1000
56,-1432.9452499999993,1,777
57,-2559.3926250000027,0,1000
58,-1486.3180000000023,1,944
59,-1767.4802500000003,0,1000
60,-1400.5443749999995,0,1000
61,-1756.8107500000012,0,1000
62,-2057.255500000013,0,1000
63,-2002.612625000012,0,1000
64,-1576.5420000000017,0,1000
65,-1997.6812500000024,0,1000
66,-1867.3236250000014,0,1000
67,-2233.140375000005,0,1000
68,-1571.1402499999995,0,1000
69,-1902.5670000000027,0,1000
70,-1706.8851250000016,0,1000
71,-1806.6542500000023,0,1000
72,-2013.155500000002,0,1000
73,-1797.7515000000028,0,1000
74,-1541.1109999999987,0,1000
75,-1786.9146249999985,0,1000
76,-1461.4432500000023,0,1000
77,-1807.7867500000093,0,1000
78,-1506.5799999999967,0,1000
79,-1390.6480000000015,0,1000
80,-1627.0233750000089,0,1000
81,-1852.251374999997,0,1000
82,-1497.3395000000044,0,1000
83,-1531.5669999999961,0,1000
84,-2058.136999999996,0,1000
85,-1686.9228749999943,0,1000
86,-1520.6111249999979,0,1000
87,-1967.212374999995,0,1000
88,-1706.2167499999969,0,1000
89,-1776.6508750000014,0,1000
90,-1566.0756249999972,0,1000
91,-1515.3734999999951,0,1000
92,-1636.2611250000052,0,1000
93,-1837.568500000002,0,1000
94,-1330.113250000001,0,1000
95,-1254.9605,0,1000
96,-1716.544999999997,0,1000
97,-1606.8444999999967,0,1000
98,-1325.167249999999,0,1000
99,-1571.6186250000046,0,1000
100,-1506.2417499999979,0,1000
101,-1712.3221250000033,0,1000
102,-1351.393000000002,0,1000
103,-1677.0591249999989,0,1000
104,-1400.0922499999956,0,1000
105,-1015.4409999999939,0,1000
106,-1707.1220000000035,0,1000
107,-1225.4036249999972,0,1000
108,-1361.906625,0,1000
109,-1400.2691249999953,0,1000
110,-1130.3062499999958,0,1000
111,-1460.7061249999963,0,1000
112,-1220.5726249999968,0,1000
113,-1411.0734999999977,0,1000
114,-1470.4962499999979,0,1000
115,-1426.3737499999954,0,1000
116,-1822.26075,0,1000
117,-1159.7454999999925,0,1000
118,-1480.8636249999965,0,1000
119,-1496.7231249999957,0,1000
120,-1215.0422499999963,0,1000
121,-1480.9749999999956,0,1000
122,-1360.851624999997,0,1000
123,-1135.066999999996,0,1000
124,-1134.495499999997,0,1000
125,-1295.6421249999973,0,1000
126,-1190.7631249999965,0,1000
127,-1235.4922499999993,0,1000
128,-1550.8008749999974,0,1000
129,-1611.3159999999998,0,1000
130,-1631.660374999995,0,1000
131,-1356.1500000000005,0,1000
132,-1131.2147499999974,0,1000
133,-1175.7001249999948,0,1000
134,-1636.6372500000002,0,1000
135,-1290.5503749999993,0,1000
136,-1306.1092499999975,0,1000
137,-1481.7682500000017,0,1000
138,-1005.8854999999953,0,1000
139,-1431.2266249999964,0,1000
140,-1156.1371249999956,0,1000
141,-1216.2296249999947,0,1000
142,-1331.5512500000011,0,1000
143,-1597.144625000001,0,1000
144,-1356.257749999998,0,1000
145,-1200.9603749999924,0,1000
146,-1140.7311249999998,0,1000
147,-1441.6745,0,1000
148,-1280.979999999999,0,1000
149,-1130.1761249999943,0,1000
150,-1326.474124999995,0,1000
151,-1305.7932499999984,0,1000
152,-1040.2817499999944,0,1000
153,-1280.7772499999999,0,1000
154,-1070.0721249999954,0,1000
155,-1566.4891250000005,0,1000
156,-1035.2006249999943,0,1000
157,-1145.4468749999965,0,1000
158,-1672.503749999999,0,1000
159,-1050.686374999991,0,1000
160,-1336.6858749999926,0,1000
161,-1466.6121249999992,0,1000
162,-839.7049999999947,0,1000
163,-1024.8854999999949,0,1000
164,-1065.9319999999982,0,1000
165,-930.5184999999951,0,1000
166,-1095.5642499999947,0,1000
167,-939.5876249999933,0,1000
168,-1306.6729999999961,0,1000
169,-1501.92275,0,1000
170,-1010.149874999997,0,1000
171,-1095.4041249999966,0,1000
172,-829.0096249999978,0,1000
173,-1402.2466250000002,0,1000
174,-1290.6036249999981,0,1000
175,-889.8681249999934,0,1000
176,-949.1553749999971,0,1000
177,-1175.7373749999965,0,1000
178,-1004.8562499999937,0,1000
179,-1150.5455,0,1000
180,-1065.4813749999962,0,1000
181,-909.6752499999952,0,1000
182,-1030.0639999999958,0,1000
183,-1813.1000000000022,0,1000
184,-879.361874999996,0,1000
185,-1200.5263749999956,0,1000
186,-1050.532999999992,0,1000
187,-939.7679999999903,0,1000
188,-860.2202499999953,0,1000
189,-764.7963749999939,0,1000
190,-1270.269499999999,0,1000
191,-1009.7036249999957,0,1000
192,-1030.133374999998,0,1000
193,-663.5583749999944,0,1000
194,-689.0342499999979,0,1000
195,-823.6374999999946,0,1000
196,-874.4936249999962,0,1000
197,-929.6362499999935,0,1000
198,-874.1718749999937,0,1000
199,-723.0519999999935,0,1000
200,-894.5829999999969,0,1000
201,-753.9481249999958,0,1000
202,-753.723249999996,0,1000
203,-632.706624999995,0,1000
204,-754.1766249999954,0,1000
205,-884.1043749999966,0,1000
206,-1064.0583749999962,0,1000
207,-1169.0501249999961,0,1000
208,-1125.5611249999974,0,1000
209,-678.9469999999957,0,1000
210,-1070.2109999999975,0,1000
211,-1377.076875000001,0,1000
212,-849.4056249999946,0,1000
213,-943.8559999999959,0,1000
214,-989.8012499999983,0,1000
215,-928.4942499999966,0,1000
216,-863.6123749999945,0,1000
217,-938.8561249999955,0,1000
218,-678.3248749999963,0,1000
219,-578.6908749999947,0,1000
220,-1004.3798749999927,0,1000
221,-819.5137499999958,0,1000
222,-710.231249999994,0,1000
223,-704.5263749999918,0,1000
224,-729.4409999999936,0,1000
225,-729.0132499999946,0,1000
226,-764.6332499999942,0,1000
227,-523.3732499999991,0,1000
228,-993.0083749999969,0,1000
229,-968.6677499999987,0,1000
230,-967.4189999999985,0,1000
231,-912.8933749999983,0,1000
232,-803.761374999995,0,1000
233,-851.1574999999933,0,1000
234,-798.6283749999942,0,1000
235,-1070.6117499999905,0,1000
236,-837.8942499999984,0,1000
237,-905.5234999999911,0,1000
238,-683.9759999999965,0,1000
239,-829.2529999999908,0,1000
240,-850.487749999997,0,1000
241,-805.9668749999956,0,1000
242,-825.8216249999978,0,1000
243,-1529.9173749999954,0,1000
244,-695.1977499999929,0,1000
245,-810.2748749999965,0,1000
246,-790.2529999999961,0,1000
247,-970.2401249999936,0,1000
248,-990.602249999996,0,1000
249,-895.3752499999965,0,1000
250,-924.1857499999985,0,1000
251,-647.362249999996,0,1000
252,-784.2962499999973,0,1000
253,-855.7469999999946,0,1000
254,-704.168374999995,0,1000
255,-654.427874999995,0,1000
256,-684.3236249999942,0,1000
257,-1396.7822500000034,0,1000
258,-894.4404999999953,0,1000
259,-925.2657499999979,0,1000
260,-814.5942499999964,0,1000
261,-765.0414999999916,0,1000
262,-755.294249999994,0,1000
263,-673.9026249999944,0,1000
264,-750.3863749999933,0,1000
265,-487.0351249999975,0,1000
266,-875.1027499999909,0,1000
267,-805.3629999999898,0,1000
268,-839.3150000000004,0,1000
269,-640.4679999999945,0,1000
270,-609.4513749999926,0,1000
271,-774.4421249999953,0,1000
272,-679.9324999999995,0,1000
273,-820.5153749999881,0,1000
274,-751.1594999999942,0,1000
275,-856.0719999999932,0,1000
276,-509.406874999996,0,1000
277,-786.150999999998,0,1000
278,-617.3383749999965,0,1000
279,-578.012624999998,0,1000
280,-632.0636249999983,0,1000
281,-598.2642499999948,0,1000
282,-562.1614999999947,0,1000
283,-778.7914999999987,0,1000
284,-633.8212499999951,0,1000
285,-652.2321249999949,0,1000
286,-715.0487499999924,0,1000
287,-813.8621250000011,0,1000
288,-808.8569999999927,0,1000
289,-645.0678749999922,0,1000
290,-763.3326249999959,0,1000
291,-733.9032499999954,0,1000
292,-358.8037499999955,0,1000
293,-414.4396249999975,0,1000
294,-544.4683749999965,0,1000
295,-473.9549999999934,0,1000
296,-464.8567499999924,0,1000
297,-700.2746249999998,0,1000
298,-680.9816249999964,0,1000
299,-462.85849999999715,0,1000
300,-813.4658749999959,0,1000
301,-463.57174999999796,0,1000
302,-794.8375000000012,0,1000
303,-439.25549999999964,0,1000
304,-526.9029999999976,0,1000
305,-628.9774999999929,0,1000
306,-665.710124999993,0,1000
307,-619.0938749999923,0,1000
308,-618.6803749999978,0,1000
309,-615.3828749999934,0,1000
310,-604.1253749999939,0,1000
311,-544.9492499999977,0,1000
312,-253.28350000000188,0,1000
313,-620.5807499999976,0,1000
314,-407.5011249999966,0,1000
315,-720.1341249999922,0,1000
316,-403.43874999999554,0,1000
317,-709.976374999991,0,1000
318,-548.8442499999958,0,1000
319,-503.932124999998,0,1000
320,-368.47462499999773,0,1000
321,-373.68549999999476,0,1000
322,-384.5350000000038,0,1000
323,-428.7839999999972,0,1000
324,-368.12099999999816,0,1000
325,-469.52375000000205,0,1000
326,-474.7407499999951,0,1000
327,-399.12574999999794,0,1000
328,-539.0425000000025,0,1000
329,-364.3676249999996,0,1000
330,-509.77837499999924,0,1000
331,-489.8802499999976,0,1000
332,-458.9096249999931,0,1000
333,-519.1129999999969,0,1000
334,-634.803124999995,0,1000
335,-474.2721249999992,0,1000
336,-624.8303749999943,0,1000
337,-510.3128749999983,0,1000
338,-413.80837499999643,0,1000
339,-514.285124999995,0,1000
340,-549.9367499999971,0,1000
341,-453.7797499999981,0,1000
342,-504.9404999999982,0,1000
343,-673.1800000000006,1,753
344,-582.9745,0,1000
345,-759.2044999999865,0,1000
346,-418.755124999997,0,1000
347,-524.392124999996,0,1000
348,-540.6816249999998,0,1000
349,-569.7932499999948,0,1000
350,-483.80224999999757,0,1000
351,-445.9418749999997,0,1000
352,-610.5164999999964,0,1000
353,-624.9334999999911,0,1000
354,-499.4861249999978,0,1000
355,-1068.2933750000002,0,1000
356,-354.02362499999487,0,1000
357,-710.8574999999897,0,1000
358,-283.19824999999986,0,1000
359,-409.5053749999952,0,1000
360,-449.4314999999967,0,1000
361,-346.3989999999989,1,786
362,-554.4412499999987,0,1000
363,-253.51437500000182,0,1000
364,-601.993749999995,1,929
365,-534.9907499999963,0,1000
366,-448.79724999999814,0,1000
367,-293.85975000000013,1,925
368,-425.00049999999806,0,1000
369,-414.0971249999997,0,1000
370,-263.4430000000009,0,1000
371,-885.046000000004,0,1000
372,-503.22524999999655,0,1000
373,-244.18212500000107,0,1000
374,-525.4515000000015,0,1000
375,-470.4675,0,1000
376,-393.77375000000353,0,1000
377,-498.7469999999996,0,1000
378,-367.94900000000035,0,1000
379,-275.02650000000125,0,1000
380,-384.78937499999734,0,1000
381,-313.7321249999988,0,1000
382,-229.40250000000137,0,1000
383,-308.7456249999999,0,1000
384,-418.17187499999994,0,1000
385,-164.3002500000012,0,1000
386,-279.1128749999996,0,1000
387,-239.6693750000013,0,1000
388,-264.2451250000011,0,1000
389,-224.4141250000024,0,1000
390,-179.98400000000046,0,1000
391,-150.38275000000115,0,1000
392,-150.64387500000151,0,1000
393,-180.43600000000143,0,1000
394,-270.0938750000024,0,1000
395,-150.69762500000132,0,1000
396,-224.81987500000162,0,1000
397,-179.5848750000011,0,1000
398,-218.1912500000015,0,1000
399,-252.77075000000227,0,1000
400,-89.62749999999988,1,465
401,-318.9839999999987,0,1000
402,-406.29087500000134,0,1000
403,-316.335125000003,0,1000
404,-178.87812500000095,0,1000
405,-384.6708749999999,0,1000
406,-388.0890000000004,0,1000
407,-308.251000000003,0,1000
408,-349.9391250000033,0,1000
409,-395.03750000000224,0,1000
410,-258.0408750000047,0,1000
411,-187.40012500000105,0,1000
412,-326.35737499999965,0,1000
413,-372.46899999999874,0,1000
414,-408.33849999999626,0,1000
415,-275.6067500000026,0,1000
416,-241.21950000000484,0,1000
417,-337.1129999999988,0,1000
418,-317.6043749999999,0,1000
419,-247.81975000000207,0,1000
420,-199.4705000000019,0,1000
421,-272.61975000000047,0,1000
422,-251.28112500000108,0,1000
423,-278.9516249999981,0,1000
424,-249.040000000002,0,1000
425,-258.6041250000018,0,1000
426,-239.20487500000226,0,1000
427,-223.96187500000173,0,1000
428,-219.56350000000216,0,1000
429,-178.60225000000057,0,1000
430,-214.90025000000162,0,1000
431,-139.67225000000082,0,1000
432,-169.68112500000095,0,1000
433,-169.6155000000011,0,1000
434,-209.3475000000016,0,1000
435,-238.62275000000167,0,1000
436,-253.050500000001,0,1000
437,-187.8935000000007,0,1000
438,-490.0256249999987,0,1000
439,-261.88050000000004,0,1000
440,-459.20637500000424,0,1000
441,-167.22337500000188,0,1000
442,-318.0417500000019,0,1000
443,-291.156000000004,0,1000
444,-272.5658750000008,0,1000
445,-257.9887500000001,0,1000
446,-223.13375000000232,0,1000
447,-253.0358750000032,0,1000
448,-296.31325000000305,0,1000
449,-223.01512500000194,0,1000
450,-211.68187500000494,0,1000
451,-197.1456250000029,0,1000
452,-163.22037500000104,0,1000
453,-205.72875000000283,0,1000
454,-283.33087500000016,0,1000
455,-253.10975000000138,0,1000
456,-212.30587500000465,0,1000
457,-142.33525000000188,0,1000
458,-243.44812500000432,0,1000
459,-157.78287500000297,0,1000
460,-232.14862500000564,0,1000
461,-216.91875000000326,0,1000
462,-288.52475000000464,0,1000
463,-173.82725000000337,0,1000
464,-143.31074999999922,0,1000
465,-187.12725000000054,0,1000
466,-201.67924999999994,0,1000
467,-247.84312500000186,0,1000
468,-169.36387500000237,0,1000
469,-194.527875000001,0,1000
470,-64.8852499999996,0,1000
471,-90.71437499999962,0,1000
472,-159.82837500000022,0,1000
473,-118.56737499999957,0,1000
474,-118.24399999999923,0,1000
475,-162.1317499999995,0,1000
476,-121.21424999999891,0,1000
477,-147.88200000000072,0,1000
478,-267.7072500000027,0,1000
479,-162.75075000000118,0,1000
480,-58.10075000000033,0,1000
481,-143.06187499999936,0,1000
482,-118.04049999999836,0,1000
483,-103.55474999999922,0,1000
484,-97.69787499999869,0,1000
485,-97.7134999999997,0,1000
486,-87.64862499999889,0,1000
487,-142.1818749999984,0,1000
488,-182.58787499999937,1,856
489,-26.32237499999954,1,697
490,-96.9387499999999,0,1000
491,-216.81125000000225,0,1000
492,-151.7307499999996,0,1000
493,-170.48437499999943,0,1000
494,-180.14687500000122,0,1000
495,-191.57037500000027,0,1000
496,-90.84987499999943,0,1000
497,-171.50649999999982,0,1000
498,-170.70787499999923,0,1000
499,-199.05537499999792,0,1000
500,-164.67112500000027,0,1000
501,-174.49562499999965,0,1000
502,-142.65100000000024,0,1000
503,-152.4948750000002,0,1000
504,-116.93824999999983,0,1000
505,-120.72949999999973,0,1000
506,-112.9519999999992,0,1000
507,-88.20537499999942,0,1000
508,-113.22012499999984,0,1000
509,-139.0202500000005,0,1000
510,-78.81087499999963,0,1000
511,-73.8169999999991,0,1000
512,-49.34212500000013,0,1000
513,-94.8537499999999,0,1000
514,-329.1112500000031,0,1000
515,-192.34675000000036,0,1000
516,-112.31949999999975,0,1000
517,-82.74612500000012,0,1000
518,-54.55412499999907,0,1000
519,-69.82287500000004,0,1000
520,-109.02600000000002,0,1000
521,-48.64175000000009,0,1000
522,-82.28950000000007,0,1000
523,-149.13749999999996,0,1000
524,-63.3319999999998,0,1000
525,-172.6071250000003,0,1000
526,-136.65549999999968,0,1000
527,-92.25662499999873,0,1000
528,-93.00350000000003,0,1000
529,-367.49487499999697,0,1000
530,-87.90975000000003,0,1000
531,-84.51799999999994,0,1000
532,-98.94387499999898,0,1000
533,-139.5313749999999,0,1000
534,-50.46837499999926,0,1000
535,-26.187000000000324,0,1000
536,-85.90937499999826,0,1000
537,-45.08575000000028,0,1000
538,-95.56074999999984,0,1000
539,-100.04800000000013,0,1000
540,-110.58274999999941,0,1000
541,-85.0278749999992,0,1000
542,-29.66937500000048,0,1000
543,-99.26637499999917,0,1000
544,-321.13075000000043,0,1000
545,-215.45862500000388,0,1000
546,-185.4250000000034,0,1000
547,-280.09025000000315,0,1000
548,-154.7187500000007,0,1000
549,-261.855000000003,0,1000
550,-221.3441250000033,0,1000
551,-149.71249999999966,0,1000
552,-157.99062500000056,0,1000
553,-103.62650000000045,0,1000
554,-123.32524999999875,0,1000
555,-147.3538749999998,0,1000
556,-143.65500000000063,0,1000
557,-143.613125,0,1000
558,-84.07062499999932,0,1000
559,-144.53550000000047,0,1000
560,-73.62725000000012,0,1000
561,-59.056999999999604,0,1000
562,-159.38049999999973,0,1000
563,-87.10687499999992,0,1000
564,-126.40999999999957,0,1000
565,-182.06700000000166,0,1000
566,-153.29812500000034,0,1000
567,-136.3232499999995,0,1000
568,-171.42462500000096,0,1000
569,-152.04975000000059,0,1000
570,-121.83537499999919,0,1000
571,-138.44112500000028,0,1000
572,-178.07899999999935,0,1000
573,-114.34399999999975,0,1000
574,-199.15112500000245,0,1000
575,-132.5772500000009,0,1000
576,-87.60487499999981,0,1000
577,-77.94962499999957,0,1000
578,-43.47624999999944,0,1000
579,-50.31662499999992,0,1000
580,-69.65875,0,1000
581,-140.0599999999994,0,1000
582,-113.52324999999885,0,1000
583,-97.52124999999948,0,1000
584,-88.92774999999978,0,1000
585,-88.80624999999986,0,1000
586,-93.79099999999971,0,1000
587,-64.13512499999983,0,1000
588,-93.58750000000012,0,1000
589,-54.03074999999937,0,1000
590,-40.181249999999984,0,1000
591,-70.0236249999996,0,1000
592,-95.05424999999943,0,1000
593,-64.92787499999952,0,1000
594,-79.92524999999927,0,1000
595,-34.296875000000085,0,1000
596,-99.15924999999983,0,1000
597,-68.57500000000005,0,1000
598,-49.20750000000004,0,1000
599,-113.49212499999923,0,1000
600,-58.03887500000018,0,1000
601,-87.85274999999918,0,1000
602,-112.63699999999815,0,1000
603,-107.46662499999985,0,1000
604,-132.16449999999918,0,1000
605,-93.58687499999927,0,1000
606,-108.33824999999958,0,1000
607,-138.6993750000006,0,1000
608,-73.89137500000012,0,1000
609,-168.36612499999987,0,1000
610,-63.37737499999959,0,1000
611,-109.04149999999886,0,1000
612,-303.49937499999663,0,1000
613,-158.89150000000086,0,1000
614,-274.6064999999996,0,1000
615,-173.86975000000172,0,1000
616,-73.19362499999957,0,1000
617,-107.55262500000005,0,1000
618,-153.06362499999977,0,1000
619,-104.05162499999925,0,1000
620,-82.7749999999998,0,1000
621,-58.85250000000016,0,1000
622,-73.64374999999933,0,1000
623,-78.15187499999989,0,1000
624,-172.30400000000049,0,1000
625,-123.40749999999863,0,1000
626,-88.66612499999947,0,1000
627,-113.33074999999909,0,1000
628,-153.91775000000092,0,1000
629,-148.57712499999897,0,1000
630,-114.06212499999835,0,1000
631,-87.93437500000003,0,1000
632,-204.03275000000346,0,1000
633,-88.76074999999929,0,1000
634,-88.39037499999958,0,1000
635,-117.91024999999925,0,1000
636,-33.46762500000026,0,1000
637,-63.30575000000002,0,1000
638,-78.01062500000033,0,1000
639,-118.39387499999899,0,1000
640,-79.11687499999968,0,1000
641,-139.4707499999994,0,1000
642,-104.22087499999924,0,1000
643,-114.76687499999895,0,1000
644,-99.42224999999986,0,1000
645,-44.87024999999953,0,1000
646,-79.65549999999999,0,1000
647,-119.80374999999954,0,1000
648,-82.97924999999915,0,1000
649,-143.50612499999895,0,1000
650,-83.32549999999992,0,1000
651,-58.24200000000038,0,1000
652,-83.42787500000023,0,1000
653,-124.31199999999838,0,1000
654,-79.47712499999959,0,1000
655,-148.5536249999994,0,1000
656,-73.71387499999939,0,1000
657,-78.7428749999994,0,1000
658,-84.35112499999977,0,1000
659,-54.44449999999944,0,1000
660,-19.32862500000023,0,1000
661,-54.53237500000007,0,1000
662,-79.03999999999934,0,1000
663,-28.060750000000333,0,1000
664,-118.7478749999981,0,1000
665,-78.53937499999866,0,1000
666,-188.3918750000036,0,1000
667,-83.33112499999858,0,1000
668,-99.1988749999995,0,1000
669,-54.9693749999999,0,1000
670,-64.71424999999938,0,1000
671,-83.30024999999978,0,1000
672,-108.4872499999991,0,1000
673,-64.11487499999942,0,1000
674,-63.925874999999834,0,1000
675,-93.60112499999961,0,1000
676,-123.7197499999986,0,1000
677,-58.976624999999466,0,1000
678,-89.42250000000007,0,1000
679,-99.39137499999961,0,1000
680,-49.68212499999964,0,1000
681,-30.004750000000076,0,1000
682,-69.98837499999999,0,1000
683,-55.39899999999912,0,1000
684,-90.12725000000017,0,1000
685,-58.464624999999806,0,1000
686,-70.04474999999954,0,1000
687,-50.26399999999989,0,1000
688,-45.508749999998685,0,1000
689,-114.89612499999973,0,1000
690,-139.6738749999992,0,1000
691,-58.03287500000005,0,1000
692,-112.68862499999985,0,1000
693,-92.77787500000039,0,1000
694,-128.2088749999999,0,1000
695,-77.53900000000036,0,1000
696,-138.15149999999832,0,1000
697,-83.88212499999928,0,1000
698,-339.56124999999366,0,1000
699,-63.68962500000026,0,1000
700,-97.55274999999983,0,1000
701,-127.80062499999977,0,1000
702,-163.49887500000048,0,1000
703,-132.46437499999996,0,1000
704,-97.83287500000003,0,1000
705,-104.19512499999944,0,1000
706,-93.41374999999985,0,1000
707,-24.292000000000346,0,1000
708,-63.94712500000013,0,1000
709,-77.3816249999999,0,1000
710,-237.2426250000013,0,1000
711,-88.56662500000009,0,1000
712,-89.40874999999956,0,1000
713,-123.51737499999945,0,1000
714,-118.63374999999972,0,1000
715,-89.8901249999991,0,1000
716,-174.7845000000014,0,1000
717,-158.7708749999993,0,1000
718,-158.90074999999996,0,1000
719,-132.8119999999986,0,1000
720,-97.97262499999971,0,1000
721,-53.073125000000445,0,1000
722,-58.345625000000155,0,1000
723,-73.33999999999979,0,1000
724,-93.40737499999955,0,1000
725,-127.70587500000022,0,1000
726,-118.74462499999943,0,1000
727,-92.36187499999939,0,1000
728,-127.75962499999996,0,1000
729,-133.30237499999905,0,1000
730,-98.39137499999981,0,1000
731,-69.17937499999995,0,1000
732,-83.55899999999949,0,1000
733,-83.42262499999926,0,1000
734,-68.4933749999995,0,1000
735,-83.8207499999998,0,1000
736,-94.03374999999912,0,1000
737,-18.848375000000157,0,1000
738,-53.65975000000035,0,1000
739,-104.01299999999836,0,1000
740,-148.37225000000026,0,1000
741,-128.5718749999991,0,1000
742,-73.71562499999952,0,1000
743,-2224.7591250000005,0,1000
744,-158.93987500000017,0,1000
745,-143.92674999999969,0,1000
746,-99.66937499999894,0,1000
747,-99.81124999999862,0,1000
748,-99.11737499999937,0,1000
749,-104.50687499999994,0,1000
750,-99.13812499999946,0,1000
751,-29.935625000000435,0,1000
752,-79.67537499999919,0,1000
753,-68.73012500000002,0,1000
754,-83.8564999999995,0,1000
755,-424.01275000000214,0,1000
756,-102.75949999999968,0,1000
757,-83.10637499999993,0,1000
758,-112.7603749999994,0,1000
759,-103.66737499999903,0,1000
760,-139.4223749999991,0,1000
761,-104.10674999999955,0,1000
762,-43.38350000000007,0,1000
763,-153.02687500000113,0,1000
764,-138.91662499999958,0,1000
765,-143.1241249999999,0,1000
766,-103.31474999999918,0,1000
767,-123.84587499999975,0,1000
768,-63.948875000000065,0,1000
769,-64.62912499999952,0,1000
770,-120.6538749999998,0,1000
771,-103.36737500000027,0,1000
772,-107.83937499999946,0,1000
773,-117.45362499999948,0,1000
774,-79.35349999999998,0,1000
775,-74.10199999999926,0,1000
776,-77.5495,0,1000
777,-83.54937500000003,0,1000
778,-59.74462500000022,0,1000
779,-168.198000000001,0,1000
780,-138.17487500000001,0,1000
781,-137.06449999999955,0,1000
782,-96.78999999999984,0,1000
783,-43.928874999999536,0,1000
784,-118.88799999999999,0,1000
785,-208.19300000000274,0,1000
786,-80.11624999999924,0,1000
787,-14.397750000000197,0,1000
788,-78.34187499999992,0,1000
789,-39.364999999999974,0,1000
790,-88.27599999999981,0,1000
791,-58.880249999999386,0,1000
792,-20.470125000000188,0,1000
793,-83.59274999999991,0,1000
794,-136.14324999999917,0,1000
795,-105.65662499999894,0,1000
796,-95.80087499999905,0,1000
797,-119.94149999999946,0,1000
798,-145.31712499999966,0,1000
799,-115.31574999999891,0,1000
800,-141.78887499999914,0,1000
801,-77.7408749999999,0,1000
802,-103.03950000000026,0,1000
803,-84.42537500000019,0,1000
804,-34.76625000000038,0,1000
805,-294.9403749999983,0,1000
806,-94.55699999999943,0,1000
807,-58.809249999999544,0,1000
808,-49.37875000000007,0,1000
809,-108.19212500000037,0,1000
810,-123.9144999999994,0,1000
811,-31.75512500000032,0,1000
812,-117.95849999999983,0,1000
813,-94.3324999999995,0,1000
814,-83.29087499999893,0,1000
815,-93.574125,0,1000
816,-383.5766249999984,0,1000
817,-373.52749999999685,0,1000
818,-113.24087499999962,0,1000
819,-117.81737499999956,0,1000
820,-153.34462500000026,0,1000
821,-62.599749999999815,0,1000
822,-127.25349999999963,0,1000
823,-92.8173749999999,0,1000
824,-83.53074999999949,0,1000
825,-67.75987499999997,0,1000
826,-38.15537500000058,0,1000
827,-42.59750000000024,0,1000
828,-78.2412499999997,0,1000
829,-23.496875000000536,0,1000
830,-22.9295000000002,0,1000
831,-92.26162499999911,0,1000
832,-81.77074999999995,0,1000
833,-291.5902499999997,0,1000
834,-102.3086249999993,0,1000
835,-76.53862499999995,0,1000
836,-166.57762499999978,0,1000
837,-88.48462499999961,0,1000
838,-34.24337500000042,0,1000
839,-88.22362499999956,0,1000
840,-113.18812499999936,0,1000
841,-93.81887499999972,0,1000
842,-82.63612499999995,0,1000
843,-93.04274999999976,0,1000
844,-63.93362500000015,0,1000
845,-58.52174999999965,0,1000
846,-44.06725000000009,0,1000
847,-97.54037499999934,0,1000
848,-42.369000000000284,0,1000
849,-143.7743750000004,0,1000
850,-52.060875000000394,0,1000
851,-63.17724999999998,0,1000
852,-68.09437500000003,0,1000
853,-43.18887499999983,0,1000
854,-53.52275000000027,0,1000
855,-53.052625000000084,0,1000
856,-43.929500000000175,0,1000
857,-57.9666250000001,0,1000
858,-73.07699999999932,0,1000
859,-48.678250000000425,0,1000
860,-12.959624999999972,0,1000
861,-68.49312499999994,0,1000
862,-88.39125000000004,0,1000
863,-58.121500000000154,0,1000
864,-87.37699999999987,0,1000
865,-87.69312499999947,0,1000
866,-82.73487499999901,0,1000
867,-98.30124999999884,0,1000
868,-152.33224999999982,0,1000
869,-83.2322499999994,0,1000
870,-79.02987499999992,0,1000
871,-33.65100000000029,0,1000
872,-73.1443750000005,0,1000
873,-69.12050000000006,0,1000
874,-53.59375000000018,0,1000
875,-63.81387499999969,0,1000
876,-89.11599999999909,0,1000
877,-88.32374999999968,0,1000
878,-44.87512500000014,0,1000
879,-50.01212500000002,0,1000
880,-104.22487499999936,0,1000
881,-49.31337500000037,0,1000
882,-103.82049999999936,0,1000
883,-83.50974999999994,0,1000
884,-153.76375000000087,0,1000
885,-108.3503749999991,0,1000
886,-114.054749999998,0,1000
887,-167.74150000000006,0,1000
888,-78.50574999999944,0,1000
889,-68.52324999999952,0,1000
890,-83.67537499999979,0,1000
891,-169.436625000001,0,1000
892,-63.50412499999978,0,1000
893,-49.25487499999988,0,1000
894,-34.27087500000025,0,1000
895,-58.88775000000001,0,1000
896,-129.44099999999895,0,1000
897,-84.2732499999998,0,1000
898,-113.76562499999923,0,1000
899,-67.9187500000001,0,1000
900,-33.920000000000144,0,1000
901,-33.54212500000011,0,1000
902,-96.82649999999995,0,1000
903,-102.91062499999977,0,1000
904,-68.50350000000005,0,1000
905,-38.25837500000062,0,1000
906,-111.61712499999987,0,1000
907,-66.93024999999949,0,1000
908,-92.63175000000008,0,1000
909,-92.40937499999932,0,1000
910,-58.132499999999986,0,1000
911,-41.58100000000041,0,1000
912,-67.21900000000015,0,1000
913,-137.2762499999997,0,1000
914,-82.83037499999925,0,1000
915,-77.61974999999927,0,1000
916,-92.84174999999982,0,1000
917,-77.45312499999963,0,1000
918,-67.22250000000004,0,1000
919,-97.273624999999,0,1000
920,-47.362500000000686,0,1000
921,-82.70799999999973,0,1000
922,-77.94412499999856,0,1000
923,-78.06637499999962,0,1000
924,-77.56762499999913,0,1000
925,-127.36162499999843,0,1000
926,-62.92487500000058,0,1000
927,-77.19762500000024,0,1000
928,-52.33025000000048,0,1000
929,-96.81137499999926,0,1000
930,-72.58374999999933,0,1000
931,-66.88787500000046,0,1000
932,-56.660875000000516,0,1000
933,-111.25299999999802,0,1000
934,-86.54062499999918,0,1000
935,-111.12862499999815,0,1000
936,-42.07262500000048,0,1000
937,-76.99662499999958,0,1000
938,-61.97024999999975,0,1000
939,-147.113624999999,0,1000
940,-51.683000000000305,0,1000
941,-72.46574999999984,0,1000
942,-86.726499999999,0,1000
943,-141.64999999999935,0,1000
944,-132.436375,0,1000
945,-133.75549999999936,0,1000
946,-66.69125000000022,0,1000
947,-95.99649999999863,0,1000
948,-161.46812499999996,0,1000
949,-43.06262499999998,0,1000
950,-68.21875000000031,0,1000
951,-72.2931249999998,0,1000
952,-38.449250000000234,0,1000
953,-143.77712499999996,0,1000
954,-48.39750000000038,0,1000
955,-97.6348749999999,0,1000
956,-71.9777500000003,0,1000
957,-87.35612499999911,0,1000
958,-1628.8354999999835,0,1000
959,-561.6391250000025,0,1000
960,-151.99562500000104,0,1000
961,-78.01874999999947,0,1000
962,-114.04562499999916,0,1000
963,-109.34137499999977,0,1000
964,-58.788249999999806,0,1000
965,-68.073125,0,1000
966,-92.93212499999937,0,1000
967,-233.47899999999882,0,1000
968,-128.2078749999991,0,1000
969,-124.0097499999986,0,1000
970,-133.63675000000046,0,1000
971,-106.95849999999965,0,1000
972,-118.05837499999942,0,1000
973,-83.57049999999951,0,1000
974,-91.88737499999958,0,1000
975,-86.50587500000002,0,1000
976,-177.2856250000004,0,1000
977,-34.31199999999994,0,1000
978,-53.832375,0,1000
979,-77.2100000000001,0,1000
980,-91.12487499999921,0,1000
981,-117.71924999999932,0,1000
982,-88.43024999999999,0,1000
983,-93.78087499999906,0,1000
984,-98.10349999999923,0,1000
985,-97.2313749999992,0,1000
986,-98.30999999999932,0,1000
987,-77.74137499999954,0,1000
988,-39.37162500000002,0,1000
989,-132.92974999999902,0,1000
990,-102.59937499999923,0,1000
991,-77.38512499999906,0,1000
992,-41.86000000000022,0,1000
993,-128.61787499999934,0,1000
994,-61.510750000000336,0,1000
995,-116.26312499999909,0,1000
996,-58.17437499999992,0,1000
997,-68.76337500000007,0,1000
998,-58.485500000000044,0,1000
999,-194.2580000000018,0,1000
1000,-138.4981249999994,0,1000
1001,-132.27987499999952,0,1000
1002,-81.4651250000002,0,1000
1003,-218.37487500000273,0,1000
1004,-98.5636249999994,0,1000
1005,-102.0448749999992,0,1000
1006,-67.88350000000028,0,1000
1007,-178.61312500000122,0,1000
1008,-116.80774999999893,0,1000
1009,-86.35499999999921,0,1000
1010,-81.83512500000013,0,1000
1011,-92.49750000000004,0,1000
1012,-101.76299999999988,0,1000
1013,-157.00212499999992,0,1000
1014,-137.84237499999793,0,1000
1015,-213.87337500000174,0,1000
1016,-68.18762500000048,0,1000
1017,-118.60299999999948,0,1000
1018,-68.31962499999987,0,1000
1019,-58.72024999999997,0,1000
1020,-113.57287499999939,0,1000
1021,-48.784874999999644,0,1000
1022,-20.23087500000018,0,1000
1023,-40.29537499999996,0,1000
1024,-83.63887499999986,0,1000
1025,-94.63249999999958,0,1000
1026,-74.41187499999988,0,1000
1027,-69.2678749999998,0,1000
1028,-49.71212500000012,0,1000
1029,-123.44762499999845,0,1000
1030,-23.27187500000008,0,1000
1031,-28.112125000000344,0,1000
1032,-66.92187500000057,0,1000
1033,-81.9723749999981,0,1000
1034,-143.34975000000108,0,1000
1035,-99.55162499999904,0,1000
1036,-129.64212499999823,0,1000
1037,-164.59950000000023,0,1000
1038,-169.60937499999946,0,1000
1039,-211.4971250000038,0,1000
1040,-139.68887499999843,0,1000
1041,-198.44225000000182,0,1000
1042,-58.363500000000556,0,1000
1043,-53.40950000000059,0,1000
1044,-83.04324999999943,0,1000
1045,-98.38825,0,1000
1046,-143.61249999999927,0,1000
1047,-97.36137499999893,0,1000
1048,-57.857250000000626,0,1000
1049,-77.2623750000001,0,1000
1050,-56.536750000000936,0,1000
1051,-71.5148750000002,0,1000
1052,-131.49337499999908,0,1000
1053,-98.16587499999957,0,1000
1054,-48.730875000000054,0,1000
1055,-77.784875,0,1000
1056,-62.81412500000008,0,1000
1057,-78.89424999999959,0,1000
1058,-63.63362500000015,0,1000
1059,-33.821375000000394,0,1000
1060,-89.74700000000027,0,1000
1061,-63.582625000000235,0,1000
1062,-84.19112499999967,0,1000
1063,-104.44324999999921,0,1000
1064,-58.81362500000001,0,1000
1065,-53.11487500000035,0,1000
1066,-49.26674999999979,0,1000
1067,-74.44674999999981,0,1000
1068,-39.87074999999949,0,1000
1069,-54.99362499999991,0,1000
1070,-34.04300000000037,0,1000
1071,-83.26849999999988,0,1000
1072,-28.71750000000017,0,1000
1073,-29.937750000000477,0,1000
1074,-54.081500000000055,0,1000
1075,-58.798999999999864,0,1000
1076,-39.44587499999978,0,1000
1077,-44.539875000000116,0,1000
1078,-44.04474999999989,0,1000
1079,-142.91112499999946,0,1000
1080,-88.29337499999872,0,1000
1081,-47.59137500000043,0,1000
1082,-53.458749999999924,0,1000
1083,-93.45462499999967,0,1000
1084,-43.60562500000025,0,1000
1085,-69.51262499999952,0,1000
1086,-35.32200000000004,0,1000
1087,-53.56137500000017,0,1000
1088,-78.51287499999958,0,1000
1089,-72.413,0,1000
1090,-44.699250000000156,0,1000
1091,-65.15612500000019,0,1000
1092,-25.133250000000245,0,1000
1093,-49.96962499999937,0,1000
1094,-25.216875000000115,0,1000
1095,-19.808750000000042,0,1000
1096,-58.89637500000005,0,1000
1097,-63.80162499999995,0,1000
1098,-83.55325000000008,0,1000
1099,-123.81812499999967,0,1000
1100,-69.27549999999964,0,1000
1101,-248.86275000000379,0,1000
1102,-78.44787499999981,0,1000
1103,-48.90012500000026,0,1000
1104,-64.63487499999955,0,1000
1105,-59.01400000000025,0,1000
1106,-73.35312500000029,0,1000
1107,-97.52937499999972,0,1000
1108,-103.00012499999995,0,1000
1109,-59.051249999999776,0,1000
1110,-68.34112499999951,0,1000
1111,-93.61687499999856,0,1000
1112,-98.14849999999936,0,1000
1113,-79.00587499999916,0,1000
1114,-74.0561250000002,0,1000
1115,-15.000500000000164,0,1000
1116,-63.599375000000066,0,1000
1117,-82.28975000000015,0,1000
1118,-107.89112500000003,0,1000
1119,-19.272000000000112,0,1000
1120,-36.595250000000405,0,1000
1121,-80.90887500000032,0,1000
1122,-72.96112499999981,0,1000
1123,-63.924249999999695,0,1000
1124,-37.53675000000031,0,1000
1125,-107.236124999999,0,1000
1126,-96.58312499999897,0,1000
1127,-52.24850000000035,0,1000
1128,-72.87774999999998,0,1000
1129,-112.56449999999913,0,1000
1130,-98.58962499999818,0,1000
1131,-158.0136249999997,0,1000
1132,-88.3188749999988,0,1000
1133,-187.77412499999994,0,1000
1134,-58.3941249999999,0,1000
1135,-44.17312500000005,0,1000
1136,-78.64099999999964,0,1000
1137,-88.54324999999915,0,1000
1138,-57.440500000000405,0,1000
1139,-61.970875000000206,0,1000
1140,-106.84437499999896,0,1000
1141,-86.80587499999886,0,1000
1142,-27.815000000000506,0,1000
1143,-32.823000000000505,0,1000
1144,-78.44224999999952,0,1000
1145,-47.87175000000057,0,1000
1146,-41.91175000000026,0,1000
1147,-91.55237499999943,0,1000
1148,-82.11687499999994,0,1000
1149,-118.76824999999954,0,1000
1150,-49.37062500000017,0,1000
1151,-57.92075000000021,0,1000
1152,-87.38837499999947,0,1000
1153,-58.51049999999996,0,1000
1154,-154.44925000000077,0,1000
1155,-53.91987500000011,0,1000
1156,-68.63837499999954,0,1000
1157,-64.62812499999971,0,1000
1158,-34.97987499999996,0,1000
1159,-74.78774999999949,0,1000
1160,-79.09462499999995,0,1000
1161,-29.285250000000172,0,1000
1162,-79.19574999999973,0,1000
1163,-94.33199999999884,0,1000
1164,-55.07637499999988,0,1000
1165,-65.32049999999946,0,1000
1166,-40.06700000000016,0,1000
1167,-74.58050000000007,0,1000
1168,-60.13399999999989,0,1000
1169,-64.29787499999955,0,1000
1170,-83.51074999999956,0,1000
1171,-62.62600000000032,0,1000
1172,-78.39074999999931,0,1000
1173,-83.5063749999995,0,1000
1174,-93.44474999999949,0,1000
1175,-43.033500000000835,0,1000
1176,-52.88412500000029,0,1000
1177,-83.72199999999981,0,1000
1178,-113.05187499999874,0,1000
1179,-24.350375000000263,0,1000
1180,-103.43649999999892,0,1000
1181,-114.00362499999993,0,1000
1182,-58.75987500000029,0,1000
1183,-49.5070000000002,0,1000
1184,-84.30962500000001,0,1000
1185,-44.81562500000009,0,1000
1186,-49.11549999999972,0,1000
1187,-54.814625000000134,0,1000
1188,-70.47137499999941,0,1000
1189,-35.46025000000016,0,1000
1190,-49.45900000000033,0,1000
1191,-73.34699999999992,0,1000
1192,-62.54837500000005,0,1000
1193,-67.29862500000013,0,1000
1194,-18.206125000000153,0,1000
1195,-78.83824999999959,0,1000
1196,-13.619000000000277,0,1000
1197,-28.924000000000596,0,1000
1198,-54.340125000000086,0,1000
1199,-48.546375000000346,0,1000
1200,-49.42174999999972,0,1000
1201,-59.35487499999985,0,1000
1202,-223.77337500000166,0,1000
1203,-65.37637499999974,0,1000
1204,-18.744375000000343,0,1000
1205,-92.74712499999917,0,1000
1206,-43.28362500000047,0,1000
1207,-3.2765000000001305,0,1000
1208,-78.05700000000016,0,1000
1209,-48.24550000000026,0,1000
1210,-87.76574999999924,0,1000
1211,-77.90774999999991,0,1000
1212,-88.26987499999953,0,1000
1213,-128.86524999999938,0,1000
1214,-122.75149999999839,0,1000
1215,-121.9729999999984,0,1000
1216,-128.29387499999956,0,1000
1217,-72.83437499999975,0,1000
1218,-103.88699999999889,0,1000
1219,-168.99787500000326,0,1000
1220,-78.42074999999953,0,1000
1221,-48.366250000000456,0,1000
1222,-78.87412499999996,0,1000
1223,-43.43762500000029,0,1000
1224,-83.84837499999935,0,1000
1225,-84.10224999999977,0,1000
1226,-84.18362499999938,0,1000
1227,-68.09337500000028,0,1000
1228,-67.69562499999951,0,1000
1229,-127.21524999999947,0,1000
1230,-108.40387499999896,0,1000
1231,-93.3097499999993,0,1000
1232,-174.00737500000056,0,1000
1233,-82.95249999999865,0,1000
1234,-68.25175000000026,0,1000
1235,-63.32050000000034,0,1000
1236,-92.81987499999946,0,1000
1237,-132.43212499999947,0,1000
1238,-68.81362500000002,0,1000
1239,-73.6793749999998,0,1000
1240,-93.60125000000002,0,1000
1241,-34.148125000000476,0,1000
1242,-59.329749999999834,0,1000
1243,-64.59987500000003,0,1000
1244,-28.856125000000354,0,1000
1245,-38.534875000000284,0,1000
1246,-48.31000000000064,0,1000
1247,-48.613750000000344,0,1000
1248,-23.466000000000097,0,1000
1249,-68.3449999999994,0,1000
1250,-78.88849999999982,0,1000
1251,-82.32812499999847,0,1000
1252,-56.962250000000445,0,1000
1253,-86.97449999999924,0,1000
1254,-83.00374999999863,0,1000
1255,-72.60737499999979,0,1000
1256,-37.18087500000084,0,1000
1257,-534.5743749999986,0,1000
1258,-211.7536250000003,0,1000
1259,-105.4483749999998,0,1000
1260,-92.55187499999933,0,1000
1261,-23.030750000000403,0,1000
1262,-48.31162500000036,0,1000
1263,-42.892000000000195,0,1000
1264,-38.65025000000041,0,1000
1265,-27.43112500000044,0,1000
1266,-33.51137500000016,0,1000
1267,-17.79712500000024,0,1000
1268,-57.12150000000061,0,1000
1269,-37.83425000000053,0,1000
1270,-134.41375000000033,0,1000
1271,-123.37174999999873,0,1000
1272,-91.83425000000004,0,1000
1273,-106.88987499999918,0,1000
1274,-589.5403749999999,0,1000
1275,-264.269375000003,0,1000
1276,-72.79400000000066,0,1000
1277,-56.19900000000031,0,1000
1278,-97.64162499999857,0,1000
1279,-47.483000000000025,0,1000
1280,-62.364125000000385,0,1000
1281,-32.47850000000009,0,1000
1282,-62.76025000000012,0,1000
1283,-78.64850000000007,0,1000
1284,-63.04174999999971,0,1000
1285,-67.78387499999815,0,1000
1286,-57.34262500000027,0,1000
1287,-51.725125000000574,0,1000
1288,-57.2870000000004,0,1000
1289,-27.721625000000373,0,1000
1290,-78.6739999999991,0,1000
1291,-22.677125000000245,0,1000
1292,-92.88937499999946,0,1000
1293,-63.14650000000009,0,1000
1294,-37.52600000000051,0,1000
1295,-53.79249999999973,0,1000
1296,-54.55825000000001,0,1000
1297,-38.26225000000036,0,1000
1298,-38.84450000000015,0,1000
1299,-33.31725000000013,0,1000
1300,-703.0404999999987,0,1000
1301,-86.39087500000015,0,1000
1302,-73.18599999999964,0,1000
1303,-78.195375,0,1000
1304,-98.1413749999989,0,1000
1305,-88.98912499999973,0,1000
1306,-113.96974999999965,0,1000
1307,-74.04912499999939,0,1000
1308,-93.36374999999937,0,1000
1309,-38.30637500000034,0,1000
1310,-63.64700000000004,0,1000
1311,-53.70787500000018,0,1000
1312,-43.60150000000016,0,1000
1313,-18.44837500000054,0,1000
1314,-438.3283749999979,0,1000
1315,-58.42700000000011,0,1000
1316,-54.65399999999968,0,1000
1317,-209.23337500000144,0,1000
1318,-536.7929999999913,0,1000
1319,-128.85562499999926,0,1000
1320,-346.22874999999897,0,1000
1321,-89.13437500000006,0,1000
1322,-68.01025000000048,0,1000
1323,-208.08937500000036,0,1000
1324,-107.5223749999994,0,1000
1325,-102.2781249999998,0,1000
1326,-122.86299999999885,0,1000
1327,-132.17499999999956,0,1000
1328,-87.62737499999965,0,1000
1329,-47.196250000000255,0,1000
1330,-121.50999999999956,0,1000
1331,-166.68850000000046,0,1000
1332,-129.37024999999932,0,1000
1333,-232.36274999999983,0,1000
1334,-80.02437499999989,0,1000
1335,-85.93237500000014,0,1000
1336,-95.88449999999864,0,1000
1337,-72.91449999999995,0,1000
1338,-108.33999999999887,0,1000
1339,-67.74887499999888,0,1000
1340,-124.25074999999823,0,1000
1341,-158.8091250000005,0,1000
1342,-64.94212500000023,0,1000
1343,-353.5363749999974,0,1000
1344,-122.13162499999844,0,1000
1345,-65.62625000000028,0,1000
1346,-116.58674999999891,0,1000
1347,-182.2434999999979,0,1000
1348,-116.69337499999892,0,1000
1349,-116.48287499999921,0,1000
1350,-32.25537500000015,0,1000
1351,-71.8342500000005,0,1000
1352,-152.24787499999945,0,1000
1353,-62.85200000000016,0,1000
1354,-42.61637500000029,0,1000
1355,-57.27650000000063,0,1000
1356,-42.503250000000655,0,1000
1357,-67.24000000000022,0,1000
1358,-52.333000000000766,0,1000
1359,-42.31837499999997,0,1000
1360,-214.97537500000266,0,1000
1361,-41.785875000000715,0,1000
1362,-53.14662500000024,0,1000
1363,-92.00462500000013,0,1000
1364,-88.2651249999996,0,1000
1365,-48.42025000000013,0,1000
1366,-58.14625000000006,0,1000
1367,-101.9481249999998,0,1000
1368,-92.93199999999892,0,1000
1369,-83.3606249999995,0,1000
1370,-43.09250000000086,0,1000
1371,-105.8714999999994,0,1000
1372,-37.13112500000057,0,1000
1373,-71.74374999999917,0,1000
1374,-42.89762500000011,0,1000
1375,-17.934000000000516,0,1000
1376,-57.78500000000046,0,1000
1377,-67.75949999999996,0,1000
1378,-83.53337499999968,0,1000
1379,-82.60349999999923,0,1000
1380,-57.752625000000556,0,1000
1381,-107.89024999999829,0,1000
1382,-48.091375000000475,0,1000
1383,-23.595875000000422,0,1000
1384,-78.14937499999913,0,1000
1385,-88.6276249999988,0,1000
1386,-88.12587499999871,0,1000
1387,-215.44887500000212,0,1000
1388,-22.916250000000236,0,1000
1389,-47.80037500000062,0,1000
1390,-66.75150000000028,0,1000
1391,-71.70349999999996,0,1000
1392,-47.171750000000564,0,1000
1393,-38.18037500000021,0,1000
1394,-37.695750000000345,0,1000
1395,-97.70549999999865,0,1000
1396,-47.47525000000036,0,1000
1397,-47.56637500000019,0,1000
1398,-52.63475000000034,0,1000
1399,-81.85562499999979,0,1000
1400,-133.00149999999903,0,1000
1401,-53.63162500000046,0,1000
1402,-69.33137500000025,0,1000
1403,-24.68987500000052,0,1000
1404,-49.94699999999915,0,1000
1405,-49.350375000000405,0,1000
1406,-63.265499999999925,0,1000
1407,-63.580750000000016,0,1000
1408,-37.335000000000726,0,1000
1409,-57.61087500000046,0,1000
1410,-63.772624999999856,0,1000
1411,-33.50600000000034,0,1000
1412,-458.20112499999686,0,1000
1413,-97.69087499999958,0,1000
1414,-67.32925000000021,0,1000
1415,-151.66462500000063,0,1000
1416,-82.28599999999892,0,1000
1417,-42.81400000000014,0,1000
1418,-68.70737499999963,0,1000
1419,-93.64512499999925,0,1000
1420,-88.60162499999959,0,1000
1421,-43.56237500000019,0,1000
1422,-28.555375000000627,0,1000
1423,-58.50575000000038,0,1000
1424,-38.16950000000029,0,1000
1425,-58.994125000000544,0,1000
1426,-68.33150000000026,0,1000
1427,-97.99862499999897,0,1000
1428,-53.72325000000001,0,1000
1429,-59.056249999999764,0,1000
1430,-43.75950000000029,0,1000
1431,-63.40074999999971,0,1000
1432,-58.4866250000003,0,1000
1433,-53.92849999999994,0,1000
1434,-102.03625000000024,0,1000
1435,-111.40637499999968,0,1000
1436,-87.89199999999983,0,1000
1437,-78.25087499999927,0,1000
1438,-58.65674999999983,0,1000
1439,-59.32037499999949,0,1000
1440,-54.41649999999979,0,1000
1441,-84.63524999999942,0,1000
1442,-105.7687500000005,0,1000
1443,-60.606624999999546,0,1000
1444,-184.20587500000474,0,1000
1445,-44.85112499999988,0,1000
1446,-99.14487499999966,0,1000
1447,-98.80062499999958,0,1000
1448,-69.31749999999973,0,1000
1449,-89.69637499999965,0,1000
1450,-69.83274999999962,0,1000
1451,-114.65187499999955,0,1000
1452,-93.75937499999942,0,1000
1453,-255.14837500000053,0,1000
1454,-107.76787499999928,0,1000
1455,-73.1498749999999,0,1000
1456,-83.36487499999957,0,1000
1457,-58.61612500000006,0,1000
1458,-54.20549999999988,0,1000
1459,-108.55674999999945,0,1000
1460,-62.36900000000043,0,1000
1461,-67.74462499999979,0,1000
1462,-42.71325000000034,0,1000
1463,-42.86437500000019,0,1000
1464,-68.36437499999968,0,1000
1465,-163.52250000000166,0,1000
1466,-74.32112499999981,0,1000
1467,-18.77025000000013,0,1000
1468,-98.85837499999964,0,1000
1469,-83.83287500000013,0,1000
1470,-34.32562499999998,0,1000
1471,-13.740500000000033,0,1000
1472,-128.63925000000026,0,1000
1473,-77.36849999999964,0,1000
1474,-83.1163749999997,0,1000
1475,-118.5631249999992,0,1000
1476,-112.9041249999995,0,1000
1477,-117.87187499999885,0,1000
1478,-103.38849999999896,0,1000
1479,-139.21237499999933,0,1000
1480,-62.04662500000031,0,1000
1481,-41.61125000000034,0,1000
1482,-144.36262500000052,0,1000
1483,-117.6937499999997,0,1000
1484,-178.3443749999986,0,1000
1485,-87.2507500000002,0,1000
1486,-52.79237499999998,0,1000
1487,-38.13537500000039,0,1000
1488,-33.43850000000031,0,1000
1489,-67.8706250000004,0,1000
1490,-32.581250000000715,0,1000
1491,-67.9013749999999,0,1000
1492,-88.8464999999995,0,1000
1493,-203.52987500000205,0,1000
1494,-98.38587499999846,0,1000
1495,-98.21549999999982,0,1000
1496,-53.255000000000216,0,1000
1497,-103.15999999999963,0,1000
1498,-83.20999999999941,0,1000
1499,-102.8593749999999,0,1000
1500,-127.77774999999883,0,1000
1501,-62.2281250000002,0,1000
1502,-112.53187500000004,0,1000
1503,-162.4390000000009,0,1000
1504,-177.70000000000113,0,1000
1505,-112.33587499999842,0,1000
1506,-72.49712499999956,0,1000
1507,-38.10212500000039,0,1000
1508,-57.65375000000045,0,1000
1509,-72.49299999999965,0,1000
1510,-42.72075000000036,0,1000
1511,-38.35475000000028,0,1000
1512,-57.635375000000444,0,1000
1513,-22.269750000000062,0,1000
1514,-31.86762500000019,0,1000
1515,-72.02362500000024,0,1000
1516,-1956.8334999999993,0,1000
1517,-340.930999999997,0,1000
1518,-115.55224999999862,0,1000
1519,-92.88412499999951,0,1000
1520,-115.56537499999962,0,1000
1521,-126.37224999999839,0,1000
1522,-76.45987500000041,0,1000
1523,-57.43612500000022,0,1000
1524,-95.35999999999918,0,1000
1525,-55.6090000000003,0,1000
1526,-106.78324999999985,0,1000
1527,-139.86487499999916,0,1000
1528,-86.49550000000022,0,1000
1529,-93.64687499999906,0,1000
1530,-82.80387499999973,0,1000
1531,-77.7301249999988,0,1000
1532,-67.5937500000002,0,1000
1533,-18.141125000000137,0,1000
1534,-108.90775000000002,0,1000
1535,-14.423250000000095,0,1000
1536,-37.84600000000088,0,1000
1537,-43.0275000000004,0,1000
1538,-73.31062499999975,0,1000
1539,-98.14762499999955,0,1000
1540,-107.5783749999988,0,1000
1541,-68.87625000000028,0,1000
1542,-58.330999999999996,0,1000
1543,-68.46350000000002,0,1000
1544,-52.32637500000065,0,1000
1545,-52.97412500000039,0,1000
1546,-53.28649999999978,0,1000
1547,-54.30574999999974,0,1000
1548,-88.88287499999915,0,1000
1549,-58.0417500000002,0,1000
1550,-38.32900000000042,0,1000
1551,-97.12199999999885,0,1000
1552,-77.52299999999998,0,1000
1553,-134.07074999999858,0,1000
1554,-93.47125000000008,0,1000
1555,-73.51299999999945,0,1000
1556,-79.05187499999965,0,1000
1557,-129.45174999999804,0,1000
1558,-98.53087499999918,0,1000
1559,-42.711875000000816,0,1000
1560,-32.65275000000016,0,1000
1561,-53.78612500000018,0,1000
1562,-83.9826249999994,0,1000
1563,-93.6004999999994,0,1000
1564,-43.316750000000404,0,1000
1565,-43.07675000000039,0,1000
1566,-93.06074999999876,0,1000
1567,-118.62887499999914,0,1000
1568,-133.5164999999995,0,1000
1569,-47.87087500000031,0,1000
1570,-98.08087499999817,0,1000
1571,-66.9851249999997,0,1000
1572,-168.3357500000014,0,1000
1573,-108.74449999999918,0,1000
1574,-38.617000000000594,0,1000
1575,-97.8919999999978,0,1000
1576,-83.34799999999912,0,1000
1577,-99.14887499999898,0,1000
1578,-64.51587499999938,0,1000
1579,-108.68887499999954,0,1000
1580,-37.8433750000002,0,1000
1581,-93.02099999999972,0,1000
1582,-68.3249999999999,0,1000
1583,-53.271624999999936,0,1000
1584,-53.65599999999975,0,1000
1585,-152.5772500000012,0,1000
1586,-48.283250000000045,0,1000
1587,-161.96950000000038,0,1000
1588,-83.58512499999964,0,1000
1589,-113.84337499999974,0,1000
1590,-33.144000000000204,0,1000
1591,-88.49124999999961,0,1000
1592,-38.57175000000017,0,1000
1593,-108.21937499999946,0,1000
1594,-35.07412499999973,0,1000
1595,-59.134999999999636,0,1000
1596,-529.1481249999892,0,1000
1597,-147.63787499999958,0,1000
1598,-97.8018749999993,0,1000
1599,-58.255000000000365,0,1000
1600,-88.26699999999973,0,1000
1601,-54.15450000000001,0,1000
1602,-64.14224999999962,0,1000
1603,-128.45149999999947,0,1000
1604,-67.84112500000013,0,1000
1605,-108.03849999999875,0,1000
1606,-22.240750000000787,0,1000
1607,-77.94250000000024,0,1000
1608,-193.46025000000222,0,1000
1609,-32.95400000000027,0,1000
1610,-54.02625000000031,0,1000
1611,-93.74037499999902,0,1000
1612,-57.819125000000255,0,1000
1613,-103.11712499999878,0,1000
1614,-52.401750000000305,0,1000
1615,-96.94449999999934,0,1000
1616,-47.628500000000344,0,1000
1617,-111.85587499999808,0,1000
1618,-92.77474999999781,0,1000
1619,-87.59037499999809,0,1000
1620,-109.133749999999,0,1000
1621,-94.23299999999851,0,1000
1622,-53.31150000000027,0,1000
1623,-49.14587499999988,0,1000
1624,-53.46537500000025,0,1000
1625,-82.96112499999914,0,1000
1626,-71.36162500000036,0,1000
1627,-112.59037499999921,0,1000
1628,-93.31799999999963,0,1000
1629,-49.47424999999965,0,1000
1630,-59.44587500000025,0,1000
1631,-73.30499999999988,0,1000
1632,-59.15100000000033,0,1000
1633,-73.44324999999994,0,1000
1634,-113.995124999999,0,1000
1635,-29.052000000000508,0,1000
1636,-74.05437499999994,0,1000
1637,-89.0368749999993,0,1000
1638,-59.07750000000027,0,1000
1639,-114.5316249999991,0,1000
1640,-79.03574999999941,0,1000
1641,-104.44174999999952,0,1000
1642,-75.08037500000003,0,1000
1643,-60.2518749999993,0,1000
1644,-39.75950000000008,0,1000
1645,-99.08637499999895,0,1000
1646,-54.04825000000013,0,1000
1647,-84.07387499999987,0,1000
1648,-64.25662499999997,0,1000
1649,-78.94049999999893,0,1000
1650,-38.60512500000067,0,1000
1651,-48.28725000000047,0,1000
1652,-58.773375000000044,0,1000
1653,-38.708125000000166,0,1000
1654,-118.17549999999832,0,1000
1655,-182.87912500000274,0,1000
1656,-57.717500000000285,0,1000
1657,-83.84187499999945,0,1000
1658,-74.59612499999932,0,1000
1659,-103.31337499999839,0,1000
1660,-88.64824999999985,0,1000
1661,-94.06324999999966,0,1000
1662,-74.36774999999881,0,1000
1663,-89.84149999999953,0,1000
1664,-54.00237500000027,0,1000
1665,-144.7153750000001,0,1000
1666,-93.35662499999991,0,1000
1667,-103.28637499999944,0,1000
1668,-97.68449999999821,0,1000
1669,-43.475374999999964,0,1000
1670,-18.95212500000061,0,1000
1671,-58.235875000000256,0,1000
1672,-87.69087499999885,0,1000
1673,-63.948999999999934,0,1000
1674,-40.5063750000002,0,1000
1675,-55.53324999999889,0,1000
1676,-85.29137499999973,0,1000
1677,-54.127999999999645,0,1000
1678,-75.11224999999985,0,1000
1679,-29.19700000000025,0,1000
1680,-53.28699999999994,0,1000
1681,-24.1850000000002,0,1000
1682,-48.02737500000034,0,1000
1683,-28.09087500000031,0,1000
1684,-37.62950000000057,0,1000
1685,-87.28500000000004,0,1000
1686,-21.947250000000622,0,1000
1687,-22.272125000000123,0,1000
1688,-67.27612500000062,0,1000
1689,-37.421875000000675,0,1000
1690,-32.80312500000009,0,1000
1691,-73.81075000000024,0,1000
1692,-58.257749999999966,0,1000
1693,-139.10574999999997,0,1000
1694,-63.06237499999966,0,1000
1695,-59.39087499999979,0,1000
1696,-62.983375000000095,0,1000
1697,-78.81600000000006,0,1000
1698,-118.51649999999977,0,1000
1699,-42.663875000000566,0,1000
1700,-77.79299999999971,0,1000
1701,-116.54337499999816,0,1000
1702,-32.13912500000095,0,1000
1703,-47.41862500000066,0,1000
1704,-32.60925000000033,0,1000
1705,-38.93312500000049,0,1000
1706,-57.094625000000505,0,1000
1707,-56.015000000000384,0,1000
1708,-62.21400000000058,0,1000
1709,-78.92937500000012,0,1000
1710,-87.7111249999996,0,1000
1711,-42.91400000000037,0,1000
1712,-82.45549999999918,0,1000
1713,-28.25887500000023,0,1000
1714,-75.39374999999926,0,1000
1715,-68.34937499999974,0,1000
1716,-54.03049999999973,0,1000
1717,-112.2636249999999,0,1000
1718,-58.4192500000001,0,1000
1719,-58.00475000000005,0,1000
1720,-112.14999999999885,0,1000
1721,-32.95237500000086,0,1000
1722,-52.28925000000074,0,1000
1723,-67.02812500000016,0,1000
1724,-137.61849999999876,0,1000
1725,-82.85399999999925,0,1000
1726,-57.27900000000051,0,1000
1727,-63.27399999999997,0,1000
1728,-93.3953749999989,0,1000
1729,-33.387500000000486,0,1000
1730,-33.783875000000414,0,1000
1731,-84.6696249999995,0,1000
1732,-38.81587500000031,0,1000
1733,-43.55362500000008,0,1000
1734,-13.18875,0,1000
1735,-52.643500000000905,0,1000
1736,-37.53012500000009,0,1000
1737,-82.73124999999989,0,1000
1738,-38.626875000000005,0,1000
1739,-38.35262500000025,0,1000
1740,-93.33462499999915,0,1000
1741,-97.88437499999901,0,1000
1742,-28.964000000000503,0,1000
1743,-78.7738749999986,0,1000
1744,-113.07762499999959,0,1000
1745,-57.91875000000036,0,1000
1746,-57.77425000000038,0,1000
1747,-78.05962499999964,0,1000
1748,-58.101625000000176,0,1000
1749,-102.53387499999961,0,1000
1750,-152.43199999999985,0,1000
1751,-52.07912500000044,0,1000
1752,-41.765625000000654,0,1000
1753,-36.61275000000048,0,1000
1754,-61.64637500000021,0,1000
1755,-223.14612500000143,0,1000
1756,-53.28950000000024,0,1000
1757,-83.53824999999983,0,1000
1758,-88.66712499999929,0,1000
1759,-108.61737499999873,0,1000
1760,-87.9778749999996,0,1000
1761,-68.04349999999961,0,1000
1762,-88.52324999999908,0,1000
1763,-37.72662500000015,0,1000
1764,-38.6557500000002,0,1000
1765,-42.987624999999994,0,1000
1766,-104.11287499999946,0,1000
1767,-52.867125000000236,0,1000
1768,-78.83149999999976,0,1000
1769,-28.57575000000036,0,1000
1770,-58.78575000000023,0,1000
1771,-73.6152499999995,0,1000
1772,-43.21612500000031,0,1000
1773,-28.040000000000756,0,1000
1774,-43.603125000000254,0,1000
1775,-78.66712499999902,0,1000
1776,-133.5821249999992,0,1000
1777,-137.73512500000055,0,1000
1778,-91.89724999999976,0,1000
1779,-57.452250000000284,0,1000
1780,-122.35124999999888,0,1000
1781,-48.56700000000012,0,1000
1782,-44.399124999999884,0,1000
1783,-113.62874999999903,0,1000
1784,-43.98774999999993,0,1000
1785,-114.18787499999995,0,1000
1786,-39.45725000000019,0,1000
1787,-64.17749999999968,0,1000
1788,-45.081749999999296,0,1000
1789,-45.6773749999997,0,1000
1790,-49.91324999999993,0,1000
1791,-39.34937500000017,0,1000
1792,-42.908125000000325,0,1000
1793,-88.61162499999921,0,1000
1794,-78.16812499999969,0,1000
1795,-58.10062500000047,0,1000
1796,-33.896875000000534,0,1000
1797,-89.00412499999884,0,1000
1798,-48.883750000000234,0,1000
1799,-24.539625000000285,0,1000
1800,-58.893749999999976,0,1000
1801,-29.000250000000406,0,1000
1802,-73.0468749999995,0,1000
1803,-48.97962500000016,0,1000
1804,-38.5350000000005,0,1000
1805,-48.12837500000014,0,1000
1806,-53.16987500000003,0,1000
1807,-49.76149999999968,0,1000
1808,-28.59662500000033,0,1000
1809,-63.576500000000145,0,1000
1810,-104.4133749999997,0,1000
1811,-93.261374999999,0,1000
1812,-32.64612500000012,0,1000
1813,-117.53037499999907,0,1000
1814,-72.90887499999972,0,1000
1815,-68.0784999999996,0,1000
1816,-54.08737499999987,0,1000
1817,-68.64812499999937,0,1000
1818,-87.83212499999935,0,1000
1819,-73.6049999999997,0,1000
1820,-103.89924999999933,0,1000
1821,-78.82837500000022,0,1000
1822,-73.97987499999896,0,1000
1823,-83.87837499999924,0,1000
1824,-44.011875000000416,0,1000
1825,-43.61325000000081,0,1000
1826,-83.3626249999983,0,1000
1827,-112.68074999999857,0,1000
1828,-63.47375000000042,0,1000
1829,-509.89224999999857,0,1000
1830,-113.9343749999972,0,1000
1831,-124.31574999999728,0,1000
1832,-69.1247500000001,0,1000
1833,-103.8198749999986,0,1000
1834,-58.97012500000031,0,1000
1835,-68.79374999999956,0,1000
1836,-62.68100000000055,0,1000
1837,-52.53950000000059,0,1000
1838,-76.8522500000002,0,1000
1839,-43.0690000000005,0,1000
1840,-47.65525000000032,0,1000
1841,-43.64012500000005,0,1000
1842,-97.91449999999935,0,1000
1843,-28.322375000000264,0,1000
1844,-8.13250000000012,0,1000
1845,-38.58762500000045,0,1000
1846,-43.02025000000038,0,1000
1847,-38.66025000000031,0,1000
1848,-54.040500000000264,0,1000
1849,-69.14312499999988,0,1000
1850,-89.0846249999995,0,1000
1851,-24.677625000000386,0,1000
1852,-24.10375000000003,0,1000
1853,-58.347375000000625,0,1000
1854,-67.9919999999993,0,1000
1855,-17.528875000000248,0,1000
1856,-78.75724999999956,0,1000
1857,-54.03174999999963,0,1000
1858,-29.266500000000082,0,1000
1859,-123.27049999999859,0,1000
1860,-93.0831249999995,0,1000
1861,-58.3497500000002,0,1000
1862,-67.51800000000031,0,1000
1863,-102.17824999999985,0,1000
1864,-92.06574999999974,0,1000
1865,-97.78824999999897,0,1000
1866,-38.46050000000017,0,1000
1867,-58.7182500000002,0,1000
1868,-113.52399999999709,0,1000
1869,-38.289875000000286,0,1000
1870,-58.364125000000435,0,1000
1871,-103.07037499999703,0,1000
1872,-23.29187500000055,0,1000
1873,-138.60612500000008,0,1000
1874,-63.89087500000021,0,1000
1875,-246.3662500000012,0,1000
1876,-93.95787499999938,0,1000
1877,-99.13862499999925,0,1000
1878,-43.6103750000001,0,1000
1879,-38.63475000000028,0,1000
1880,-63.901499999999736,0,1000
1881,-33.4033750000006,0,1000
1882,-53.280625,0,1000
1883,-23.32587500000079,0,1000
1884,-8.494000000000195,0,1000
1885,-59.05025000000044,0,1000
1886,-112.91374999999888,0,1000
1887,-56.331125000000426,0,1000
1888,-43.1528750000007,0,1000
1889,-32.88662500000036,0,1000
1890,-33.09750000000011,0,1000
1891,-47.94662500000064,0,1000
1892,-77.37137499999967,0,1000
1893,-107.17224999999915,0,1000
1894,-118.05499999999817,0,1000
1895,-76.78499999999906,0,1000
1896,-72.08449999999925,0,1000
1897,-43.34025000000031,0,1000
1898,-52.63662500000042,0,1000
1899,-23.03225000000054,0,1000
1900,-58.166250000000325,0,1000
1901,-37.688125000000454,0,1000
1902,-2539.929375000004,0,1000
1903,-89.44950000000023,0,1000
1904,-94.04249999999932,0,1000
1905,-102.4308749999997,0,1000
1906,-43.11375000000046,0,1000
1907,-98.05699999999882,0,1000
1908,-78.16700000000004,0,1000
1909,-62.216625000000306,0,1000
1910,-56.13350000000054,0,1000
1911,-67.00650000000024,0,1000
1912,-72.68524999999956,0,1000
1913,-76.93787499999897,0,1000
1914,-72.83637500000005,0,1000
1915,-52.157625000000714,0,1000
1916,-36.35737500000019,0,1000
1917,-61.381375000000546,0,1000
1918,-77.20399999999981,0,1000
1919,-59.69574999999948,0,1000
1920,-54.85949999999965,0,1000
1921,-54.557875000000095,0,1000
1922,-39.55312499999962,0,1000
1923,-34.59487500000011,0,1000
1924,-54.39524999999992,0,1000
1925,-18.752250000000572,0,1000
1926,-49.41524999999942,0,1000
1927,-18.901375000000517,0,1000
1928,-52.75987500000057,0,1000
1929,-73.00124999999967,0,1000
1930,-74.17624999999973,0,1000
1931,-93.71149999999993,0,1000
1932,-48.55425000000034,0,1000
1933,-32.79300000000054,0,1000
1934,-83.24049999999981,0,1000
1935,-137.4752500000002,0,1000
1936,-38.267875000000096,0,1000
1937,-43.0929999999999,0,1000
1938,-54.367999999999704,0,1000
1939,-64.14899999999982,0,1000
1940,-53.942749999999705,0,1000
1941,-79.04062499999904,0,1000
1942,-93.43437500000012,0,1000
1943,-64.11262500000014,0,1000
1944,-74.0587499999996,0,1000
1945,-49.29575000000046,0,1000
1946,-73.43637499999927,0,1000
1947,-33.94675000000039,0,1000
1948,-33.563000000000315,0,1000
1949,-153.35412500000035,0,1000
1950,-38.72587500000056,0,1000
1951,-48.63962499999995,0,1000
1952,-78.484124999999,0,1000
1953,-23.40637500000023,0,1000
1954,-19.085875000000474,0,1000
1955,-79.03737499999934,0,1000
1956,-59.567624999999765,0,1000
1957,-103.85912499999847,0,1000
1958,-112.3846249999995,0,1000
1959,-47.63637500000067,0,1000
1960,-68.20025000000052,0,1000
1961,-98.34637499999896,0,1000
1962,-93.03299999999933,0,1000
1963,-77.50474999999977,0,1000
1964,-78.5039999999997,0,1000
1965,-48.84450000000055,0,1000
1966,-53.665375000000296,0,1000
1967,-58.641125000000315,0,1000
1968,-57.78525000000037,0,1000
1969,-44.51462500000007,0,1000
1970,-39.29587499999985,0,1000
1971,-78.37562499999933,0,1000
1972,-43.63787500000004,0,1000
1973,-53.221625000000444,0,1000
1974,-12.736999999999874,0,1000
1975,-47.64862500000054,0,1000
1976,-12.670875000000004,0,1000
1977,-47.84237499999999,0,1000
1978,-63.19250000000035,0,1000
1979,-57.62387500000013,0,1000
1980,-72.24924999999948,0,1000
1981,-46.66000000000019,0,1000
1982,-101.84174999999861,0,1000
1983,-67.09437499999926,0,1000
1984,-76.25499999999997,0,1000
1985,-81.57362499999937,0,1000
1986,-7.442999999999816,0,1000
1987,-83.21599999999991,0,1000
1988,-77.59974999999972,0,1000
1989,-63.254000000000005,0,1000
1990,-8.87950000000008,0,1000
1991,-42.91850000000037,0,1000
1992,-37.61500000000038,0,1000
1993,-87.73237500000013,0,1000
1994,-52.061750000000885,0,1000
1995,-47.02387500000052,0,1000
1996,-82.50349999999959,0,1000
1997,-56.76800000000075,0,1000
1998,-52.33712500000009,0,1000
1999,-42.760375000000515,0,1000
2000,-56.76975000000091,0,1000
2001,-61.69512500000078,0,1000
2002,-26.975875000000496,0,1000
2003,-41.81425000000049,0,1000
2004,-95.90837499999854,0,1000
2005,-81.46750000000029,0,1000
2006,-91.96949999999968,0,1000
2007,-37.152500000000195,0,1000
2008,-47.821875000000205,0,1000
2009,-38.817250000000406,0,1000
2010,-82.85674999999902,0,1000
2011,-67.64249999999915,0,1000
2012,-52.06550000000066,0,1000
2013,-76.92874999999951,0,1000
2014,-78.02837499999936,0,1000
2015,-34.296499999999895,0,1000
2016,-19.932500000000196,0,1000
2017,-82.93512499999963,0,1000
2018,-78.11899999999974,0,1000
2019,-58.377999999999986,0,1000
2020,-92.91349999999946,0,1000
2021,-93.46862499999946,0,1000
2022,-505.31824999999657,0,1000
2023,-112.45787499999874,0,1000
2024,-58.39250000000012,0,1000
2025,-78.62212499999967,0,1000
2026,-48.41762500000008,0,1000
2027,-43.20337500000052,0,1000
2028,-28.369625000000177,0,1000
2029,-17.976374999999905,0,1000
2030,-57.58975000000051,0,1000
2031,-67.65037500000007,0,1000
2032,-72.89087499999987,0,1000
2033,-38.90674999999988,0,1000
2034,-49.047125000000236,0,1000
2035,-83.55237499999984,0,1000
2036,-88.2622499999994,0,1000
2037,-48.69987500000036,0,1000
2038,-53.69500000000044,0,1000
2039,-118.39824999999828,0,1000
2040,-38.17512500000037,0,1000
2041,-27.55712500000099,0,1000
2042,-47.504250000000305,0,1000
2043,-52.25975000000053,0,1000
2044,-58.28600000000037,0,1000
2045,-33.277250000000144,0,1000
2046,-33.30937500000032,0,1000
2047,-37.8141250000004,0,1000
